omega_i,kind_i,n_i,omega_j,kind_j,n_j,N,d_um
1105.2844102705114,peak,3.3911461027879355,1508.7248312497816,peak,3.2331349777757947,1.0,4.4341699697801955
1105.2844102705114,peak,3.3911461027879355,1722.7423498775943,trough,3.234120681160993,1.5,4.120299309954688
1105.2844102705114,peak,3.3911461027879355,1928.4365416123228,peak,3.2534049932346427,2.0,3.9654556048517158
1105.2844102705114,peak,3.3911461027879355,2141.9650369607357,trough,3.2491158004234793,2.5,3.898596162846513
1105.2844102705114,peak,3.3911461027879355,2360.529798636868,peak,3.241807952196848,3.0,3.847994484702806
1105.2844102705114,peak,3.3911461027879355,2566.7980182642623,trough,3.2458117119838796,3.5,3.824176975079714
1105.2844102705114,peak,3.3911461027879355,2779.3806423586966,peak,3.253281257402255,4.0,3.7836125657694106
1105.2844102705114,peak,3.3911461027879355,2997.872019113679,trough,3.2558677183926408,4.5,3.7478018953750842
1105.2844102705114,peak,3.3911461027879355,3211.9438072868124,peak,3.2558557644751462,5.0,3.7316340151104255
1105.2844102705114,peak,3.3911461027879355,3429.0394046847077,trough,3.256206440156858,5.5,3.712950760109051
1105.2844102705114,peak,3.3911461027879355,3641.577675061429,peak,3.2591549572538097,6.0,3.699892191103933
1314.4840071807434,trough,3.295236745861855,1722.7423498775943,trough,3.234120681160993,1.0,4.038765132115739
1314.4840071807434,trough,3.295236745861855,1928.4365416123228,peak,3.2534049932346427,1.5,3.866927404818943
1314.4840071807434,trough,3.295236745861855,2141.9650369607357,trough,3.2491158004234793,2.0,3.8109343749813602
1314.4840071807434,trough,3.295236745861855,2360.529798636868,peak,3.241807952196848,2.5,3.7697377310917703
1314.4840071807434,trough,3.295236745861855,2566.7980182642623,trough,3.2458117119838796,3.0,3.755733025823592
1314.4840071807434,trough,3.295236745861855,2779.3806423586966,peak,3.253281257402255,3.5,3.7204757368822645
1314.4840071807434,trough,3.295236745861855,2997.872019113679,trough,3.2558677183926408,4.0,3.689175805058719
1314.4840071807434,trough,3.295236745861855,3211.9438072868124,peak,3.2558557644751462,4.5,3.6781389354108827
1314.4840071807434,trough,3.295236745861855,3429.0394046847077,trough,3.256206440156858,5.0,3.6634039850163025
1314.4840071807434,trough,3.295236745861855,3641.577675061429,peak,3.2591549572538097,5.5,3.6539555664592296
1508.7248312497816,peak,3.2331349777757947,1928.4365416123228,peak,3.2534049932346427,1.0,3.5863591631261342
1508.7248312497816,peak,3.2331349777757947,2141.9650369607357,trough,3.2491158004234793,1.5,3.608066631965252
1508.7248312497816,peak,3.2331349777757947,2360.529798636868,peak,3.241807952196848,2.0,3.6094206464532155
1508.7248312497816,peak,3.2331349777757947,2566.7980182642623,trough,3.2458117119838796,2.5,3.6247209845867423
1508.7248312497816,peak,3.2331349777757947,2779.3806423586966,peak,3.253281257402255,3.0,3.6072028120363213
1508.7248312497816,peak,3.2331349777757947,2997.872019113679,trough,3.2558677183926408,3.5,3.58907195287436
1508.7248312497816,peak,3.2331349777757947,3211.9438072868124,peak,3.2558557644751462,4.0,3.589458388504895
1508.7248312497816,peak,3.2331349777757947,3429.0394046847077,trough,3.256206440156858,4.5,3.5834294311827346
1508.7248312497816,peak,3.2331349777757947,3641.577675061429,peak,3.2591549572538097,5.0,3.5812834383565986
1722.7423498775943,trough,3.234120681160993,2141.9650369607357,trough,3.2491158004234793,1.0,3.6074353592369763
1722.7423498775943,trough,3.234120681160993,2360.529798636868,peak,3.241807952196848,1.5,3.609450916132875
1722.7423498775943,trough,3.234120681160993,2566.7980182642623,trough,3.2458117119838796,2.0,3.628589302487759
1722.7423498775943,trough,3.234120681160993,2779.3806423586966,peak,3.253281257402255,2.5,3.6067777071530696
1722.7423498775943,trough,3.234120681160993,2997.872019113679,trough,3.2558677183926408,3.0,3.5857177260132613
1722.7423498775943,trough,3.234120681160993,3211.9438072868124,peak,3.2558557644751462,3.5,3.5866374574706796
1722.7423498775943,trough,3.234120681160993,3429.0394046847077,trough,3.256206440156858,4.0,3.5802179932071985
1722.7423498775943,trough,3.234120681160993,3641.577675061429,peak,3.2591549572538097,4.5,3.578194053848628
1928.4365416123228,peak,3.2534049932346427,2360.529798636868,peak,3.241807952196848,1.0,3.6327806353002035
1928.4365416123228,peak,3.2534049932346427,2566.7980182642623,trough,3.2458117119838796,1.5,3.650754741051635
1928.4365416123228,peak,3.2534049932346427,2779.3806423586966,peak,3.253281257402255,2.0,3.617715757572144
1928.4365416123228,peak,3.2534049932346427,2997.872019113679,trough,3.2558677183926408,2.5,3.590158218244444
1928.4365416123228,peak,3.2534049932346427,3211.9438072868124,peak,3.2558557644751462,3.0,3.590492654311372
1928.4365416123228,peak,3.2534049932346427,3429.0394046847077,trough,3.256206440156858,3.5,3.5825932438892854
1928.4365416123228,peak,3.2534049932346427,3641.577675061429,peak,3.2591549572538097,4.0,3.5800167512462773
2141.9650369607357,trough,3.2491158004234793,2566.7980182642623,trough,3.2458117119838796,1.0,3.649992801901683
2141.9650369607357,trough,3.2491158004234793,2779.3806423586966,peak,3.253281257402255,1.5,3.606339405628726
2141.9650369607357,trough,3.2491158004234793,2997.872019113679,trough,3.2558677183926408,2.0,3.5749566741705014
2141.9650369607357,trough,3.2491158004234793,3211.9438072868124,peak,3.2558557644751462,2.5,3.578385289564882
2141.9650369607357,trough,3.2491158004234793,3429.0394046847077,trough,3.256206440156858,3.0,3.5712365753511235
2141.9650369607357,trough,3.2491158004234793,3641.577675061429,peak,3.2591549572538097,3.5,3.569926264549169
2360.529798636868,peak,3.241807952196848,2779.3806423586966,peak,3.253281257402255,1.0,3.602775309752178
2360.529798636868,peak,3.241807952196848,2997.872019113679,trough,3.2558677183926408,1.5,3.562294602379011
2360.529798636868,peak,3.241807952196848,3211.9438072868124,peak,3.2558557644751462,2.0,3.569715722565956
2360.529798636868,peak,3.241807952196848,3429.0394046847077,trough,3.256206440156858,2.5,3.5629044273045154
2360.529798636868,peak,3.241807952196848,3641.577675061429,peak,3.2591549572538097,3.0,3.562767754442033
2566.7980182642623,trough,3.2458117119838796,2997.872019113679,trough,3.2558677183926408,1.0,3.502943567506405
2566.7980182642623,trough,3.2458117119838796,3211.9438072868124,peak,3.2558557644751462,1.5,3.5321877233948684
2566.7980182642623,trough,3.2458117119838796,3429.0394046847077,trough,3.256206440156858,2.0,3.5331193565541477
2566.7980182642623,trough,3.2458117119838796,3641.577675061429,peak,3.2591549572538097,2.5,3.5388746483302254
2779.3806423586966,peak,3.253281257402255,3211.9438072868124,peak,3.2558557644751462,1.0,3.5372573377642778
2779.3806423586966,peak,3.253281257402255,3429.0394046847077,trough,3.256206440156858,1.5,3.536810514668462
2779.3806423586966,peak,3.253281257402255,3641.577675061429,peak,3.2591549572538097,2.0,3.543095339349363
2997.872019113679,trough,3.2558677183926408,3429.0394046847077,trough,3.256206440156858,1.0,3.5638195562753037
2997.872019113679,trough,3.2558677183926408,3641.577675061429,peak,3.2591549572538097,1.5,3.5632410322120154
3211.9438072868124,peak,3.2558557644751462,3641.577675061429,peak,3.2591549572538097,1.0,3.548952643237156
