波数_cm-1,附件1_双光束_n,附件1_双光束_ns,附件1_多光束_n,附件1_多光束_ns,波数_cm-1,附件2_双光束_n,附件2_双光束_ns,附件2_多光束_n,附件2_多光束_ns
1500,2.2714,2.2094,2.2717,2.1988,1500,2.3295,2.2696,2.3298,2.2587
1750,2.3525,2.2921,2.3528,2.2809,1750,2.403,2.3418,2.4033,2.3298
2000,2.4055,2.3515,2.4058,2.3408,2000,2.4577,2.3995,2.458,2.3874
2250,2.4329,2.3892,2.4331,2.3802,2250,2.4754,2.436,2.4755,2.4276
2500,2.455,2.418,2.4551,2.4102,2500,2.4996,2.4673,2.4997,2.4602
2750,2.4706,2.4403,2.4706,2.4338,2750,2.5253,2.4927,2.5254,2.4853
3000,2.4806,2.4576,2.4807,2.4526,3000,2.536,2.5121,2.5361,2.5066
3250,2.4891,2.4711,2.4891,2.4671,3250,2.5506,2.5314,2.5506,2.527
3500,2.4947,2.4793,2.4947,2.4759,3500,2.5626,2.5464,2.5627,2.5426
